{
    "name": "root",
    "metadata": {
        "timer_format_version": "0.1.0",
        "start_time_seconds": "1754787301",
        "python_version": "3.10.11 (tags/v3.10.11:7d4cc5a, Apr  5 2023, 00:38:17) [MSC v.1929 64 bit (AMD64)]",
        "command_line_arguments": "C:\\Users\\bwang39\\Documents\\Unity\\neurorobotics-simulation\\myenv\\Scripts\\mlagents-learn config/GoToGoal.yaml --run-id=TestRun",
        "mlagents_version": "1.1.0",
        "mlagents_envs_version": "1.1.0",
        "communication_protocol_version": "1.5.0",
        "pytorch_version": "2.2.2+cu121",
        "numpy_version": "1.23.5",
        "end_time_seconds": "1754787578"
    },
    "total": 277.1362389998976,
    "count": 1,
    "self": 0.005876999814063311,
    "children": {
        "run_training.setup": {
            "total": 0.04734190017916262,
            "count": 1,
            "self": 0.04734190017916262
        },
        "TrainerController.start_learning": {
            "total": 277.0830200999044,
            "count": 1,
            "self": 0.15413080202415586,
            "children": {
                "TrainerController._reset_env": {
                    "total": 8.775889900047332,
                    "count": 1,
                    "self": 8.775889900047332
                },
                "TrainerController.advance": {
                    "total": 268.0497606978752,
                    "count": 10745,
                    "self": 0.14072419051080942,
                    "children": {
                        "env_step": {
                            "total": 267.2674862931017,
                            "count": 10745,
                            "self": 213.75571607844904,
                            "children": {
                                "SubprocessEnvManager._take_step": {
                                    "total": 53.41145560913719,
                                    "count": 10746,
                                    "self": 0.5251843123696744,
                                    "children": {
                                        "TorchPolicy.evaluate": {
                                            "total": 52.88627129676752,
                                            "count": 10741,
                                            "self": 52.88627129676752
                                        }
                                    }
                                },
                                "workers": {
                                    "total": 0.10031460551545024,
                                    "count": 10744,
                                    "self": 0.0,
                                    "children": {
                                        "worker_root": {
                                            "total": 103.32580150244758,
                                            "count": 10744,
                                            "is_parallel": true,
                                            "self": 62.9673439913895,
                                            "children": {
                                                "steps_from_proto": {
                                                    "total": 0.0003302998375147581,
                                                    "count": 2,
                                                    "is_parallel": true,
                                                    "self": 0.00010169972665607929,
                                                    "children": {
                                                        "_process_rank_one_or_two_observation": {
                                                            "total": 0.00022860011085867882,
                                                            "count": 4,
                                                            "is_parallel": true,
                                                            "self": 0.00022860011085867882
                                                        }
                                                    }
                                                },
                                                "UnityEnvironment.step": {
                                                    "total": 40.35812721122056,
                                                    "count": 10744,
                                                    "is_parallel": true,
                                                    "self": 0.4033495234325528,
                                                    "children": {
                                                        "UnityEnvironment._generate_step_input": {
                                                            "total": 0.37734220223501325,
                                                            "count": 10744,
                                                            "is_parallel": true,
                                                            "self": 0.37734220223501325
                                                        },
                                                        "communicator.exchange": {
                                                            "total": 38.64326609810814,
                                                            "count": 10744,
                                                            "is_parallel": true,
                                                            "self": 38.64326609810814
                                                        },
                                                        "steps_from_proto": {
                                                            "total": 0.9341693874448538,
                                                            "count": 10742,
                                                            "is_parallel": true,
                                                            "self": 0.36825527786277235,
                                                            "children": {
                                                                "_process_rank_one_or_two_observation": {
                                                                    "total": 0.5659141095820814,
                                                                    "count": 21484,
                                                                    "is_parallel": true,
                                                                    "self": 0.5659141095820814
                                                                }
                                                            }
                                                        }
                                                    }
                                                }
                                            }
                                        }
                                    }
                                }
                            }
                        },
                        "trainer_advance": {
                            "total": 0.6415502142626792,
                            "count": 10744,
                            "self": 0.16308381082490087,
                            "children": {
                                "process_trajectory": {
                                    "total": 0.47846640343777835,
                                    "count": 10744,
                                    "self": 0.47846640343777835
                                }
                            }
                        }
                    }
                },
                "TrainerController._save_models": {
                    "total": 0.10323869995772839,
                    "count": 1,
                    "self": 0.0024955999106168747,
                    "children": {
                        "RLTrainer._checkpoint": {
                            "total": 0.10074310004711151,
                            "count": 1,